,city,Area,education,remote,experience,fulltime,label,Target,labelTree
0,3,1,1,2,1,1,5,3,6
1,3,1,1,1,1,2,2,2,3
2,2,3,2,2,2,2,3,5,4
3,1,1,2,2,2,1,2,1,3
4,2,2,2,2,2,2,3,3,4
5,3,1,1,2,1,1,5,1,6
6,2,3,2,2,2,2,3,2,4
7,3,1,1,2,1,1,5,3,6
8,2,3,2,2,2,2,3,2,4
9,1,3,2,1,2,1,1,1,2
10,3,1,1,2,1,1,5,5,6
11,3,3,1,2,1,1,5,2,6
12,2,2,2,2,2,2,3,3,4
13,3,1,1,1,1,2,2,2,3
14,3,3,1,2,1,1,5,4,6
15,3,1,1,2,1,1,5,3,6
16,2,2,2,2,2,2,3,3,4
17,1,3,2,1,2,1,1,1,2
18,2,2,2,2,2,2,3,3,4
19,2,2,2,2,2,2,3,2,4
20,1,3,2,1,2,1,1,1,2
21,2,3,2,2,2,2,3,3,4
22,1,3,2,1,2,1,1,1,2
23,2,2,2,2,2,2,3,2,4
24,3,1,1,2,1,1,5,1,6
25,2,2,2,2,2,2,3,3,4
26,3,3,1,2,1,1,5,3,6
27,2,3,2,2,2,2,3,3,4
28,2,3,2,2,2,2,3,5,4
29,1,3,2,1,2,1,1,1,2
30,3,3,1,2,1,1,5,1,6
31,2,2,2,2,2,2,3,3,4
32,2,2,1,2,1,1,5,3,6
33,2,2,2,2,2,2,3,3,4
34,2,2,1,2,1,1,5,3,6
35,2,2,1,2,1,1,5,3,6
36,2,2,2,2,2,2,3,5,4
37,3,1,1,2,1,1,5,5,6
38,2,2,2,2,2,2,3,2,4
39,3,1,1,1,1,2,2,2,3
40,2,2,1,2,1,1,5,2,6
41,1,3,2,1,2,1,1,2,2
42,1,3,2,1,2,1,1,1,2
43,2,2,2,2,2,2,3,3,4
44,2,2,2,2,2,2,3,3,4
45,3,3,1,2,1,1,5,3,6
46,3,3,1,2,1,1,5,2,6
47,2,2,1,2,1,1,5,2,6
48,2,3,2,2,2,2,3,2,4
49,2,2,1,2,1,1,5,5,6
50,3,3,1,2,1,1,5,5,6
51,2,2,1,2,1,1,5,3,6
52,2,2,2,2,2,2,3,3,4
53,2,2,1,2,1,1,5,3,6
54,3,1,1,2,1,1,5,3,6
55,2,2,2,2,2,2,3,3,4
56,3,1,1,2,1,1,5,5,6
57,3,3,1,2,1,1,5,4,6
58,2,2,2,2,2,2,3,3,4
59,2,3,2,2,2,2,3,2,4
60,2,2,1,2,1,1,5,5,6
61,1,3,2,1,2,1,1,1,2
62,3,1,1,2,1,1,5,5,6
63,3,1,1,2,1,1,5,5,6
64,3,3,1,2,1,1,5,3,6
65,2,3,2,2,2,2,3,5,4
66,2,2,1,2,1,1,5,5,6
67,2,2,1,2,1,1,5,3,6
68,3,3,1,2,1,1,5,2,6
69,2,2,2,2,2,2,3,3,4
70,2,2,1,2,1,1,5,3,6
71,3,3,1,2,1,1,5,2,6
72,2,3,2,2,2,2,3,1,4
73,2,2,1,2,1,1,5,3,6
74,3,3,1,2,1,1,5,1,6
75,2,2,1,2,1,1,5,4,6
76,1,3,2,1,2,1,1,1,2
77,3,1,1,2,1,1,5,1,6
78,3,1,1,1,1,2,2,2,3
79,2,2,1,2,1,1,5,3,6
80,2,2,2,2,2,2,3,3,4
81,1,3,2,1,2,1,1,1,2
82,3,3,1,2,1,1,5,2,6
83,2,2,1,2,1,1,5,3,6
84,2,2,2,2,2,2,3,3,4
85,3,3,1,2,1,1,5,4,6
86,2,2,2,2,2,2,3,2,4
87,1,3,2,1,2,1,1,2,2
88,1,1,2,2,2,1,2,2,3
89,2,2,1,2,1,1,5,5,6
90,3,1,1,2,1,1,5,5,6
91,3,3,1,2,1,1,5,3,6
92,2,3,2,2,2,2,3,3,4
93,3,3,1,2,1,1,5,3,6
94,3,1,1,2,1,1,5,4,6
95,3,1,1,2,1,1,5,3,6
96,1,1,2,2,2,1,2,2,3
97,2,2,2,2,2,2,3,5,4
98,2,2,1,2,1,1,5,4,6
99,2,2,2,2,2,2,3,3,4
100,2,2,2,2,2,2,3,3,4
101,3,1,1,2,1,1,5,1,6
102,2,2,1,2,1,1,5,5,6
103,2,2,1,2,1,1,5,3,6
104,2,2,1,2,1,1,5,4,6
105,3,1,1,2,1,1,5,3,6
106,2,2,2,2,2,2,3,5,4
107,2,3,2,2,2,2,3,2,4
108,2,3,2,2,2,2,3,3,4
109,2,3,2,2,2,2,3,5,4
110,3,3,1,2,1,1,5,5,6
111,2,2,2,2,2,2,3,3,4
112,2,2,1,2,1,1,5,5,6
113,2,2,1,2,1,1,5,3,6
114,2,2,2,2,2,2,3,2,4
115,2,3,2,2,2,2,3,5,4
116,2,2,1,2,1,1,5,2,6
117,2,2,2,2,2,2,3,2,4
118,2,3,2,2,2,2,3,2,4
119,2,2,2,2,2,2,3,1,4
120,1,3,2,1,2,1,1,1,2
121,3,1,1,2,1,1,5,3,6
122,3,3,1,2,1,1,5,2,6
123,1,3,2,1,2,1,1,2,2
124,2,2,1,2,1,1,5,2,6
125,2,3,2,2,2,2,3,2,4
126,2,2,2,2,2,2,3,2,4
127,3,3,1,2,1,1,5,3,6
128,2,2,2,2,2,2,3,5,4
129,2,3,2,2,2,2,3,3,4
130,2,2,1,2,1,1,5,4,6
131,3,1,1,2,1,1,5,5,6
132,3,3,1,2,1,1,5,5,6
133,3,3,1,2,1,1,5,3,6
134,2,3,2,2,2,2,3,3,4
135,2,2,1,2,1,1,5,2,6
136,3,3,1,2,1,1,5,3,6
137,3,1,1,2,1,1,5,3,6
138,2,3,2,2,2,2,3,3,4
139,2,2,2,2,2,2,3,3,4
140,3,1,1,2,1,1,5,2,6
141,1,3,2,1,2,1,1,2,2
142,3,1,1,2,1,1,5,2,6
143,2,2,1,2,1,1,5,5,6
144,2,2,1,2,1,1,5,3,6
145,2,3,2,2,2,2,3,2,4
146,2,2,2,2,2,2,3,2,4
147,1,3,2,1,2,1,1,2,2
148,2,2,1,2,1,1,5,5,6
149,2,3,2,2,2,2,3,5,4
150,2,2,2,2,2,2,3,2,4
151,2,2,2,2,2,2,3,1,4
152,1,3,2,1,2,1,1,1,2
153,2,3,2,2,2,2,3,2,4
154,2,3,2,2,2,2,3,5,4
155,2,3,2,2,2,2,3,5,4
156,2,2,1,2,1,1,5,4,6
157,2,3,2,2,2,2,3,5,4
158,3,1,1,2,1,1,5,5,6
159,2,2,2,2,2,2,3,5,4
160,3,1,1,2,1,1,5,3,6
161,3,1,1,2,1,1,5,2,6
162,2,2,2,2,2,2,3,2,4
163,3,3,1,2,1,1,5,3,6
164,3,1,1,2,1,1,5,2,6
165,3,3,1,2,1,1,5,3,6
166,2,2,2,2,2,2,3,2,4
167,2,2,2,2,2,2,3,3,4
168,2,2,2,2,2,2,3,2,4
169,2,2,1,2,1,1,5,5,6
170,3,3,1,2,1,1,5,5,6
171,2,2,1,2,1,1,5,2,6
172,2,2,2,2,2,2,3,5,4
173,2,3,2,2,2,2,3,3,4
174,3,1,1,2,1,1,5,5,6
175,3,1,1,2,1,1,5,3,6
176,2,2,2,2,2,2,3,5,4
177,2,2,1,2,1,1,5,3,6
178,2,2,1,2,1,1,5,1,6
179,1,3,2,1,2,1,1,2,2
180,3,1,1,2,1,1,5,3,6
181,2,3,2,2,2,2,3,3,4
182,2,2,2,2,2,2,3,3,4
183,3,1,1,2,1,1,5,5,6
184,2,2,2,2,2,2,3,2,4
185,2,2,2,2,2,2,3,2,4
186,2,2,2,2,2,2,3,5,4
187,1,3,2,1,2,1,1,2,2
188,2,2,2,2,2,2,3,5,4
189,2,3,2,2,2,2,3,2,4
190,3,1,1,2,1,1,5,3,6
191,2,2,1,2,1,1,5,5,6
192,3,3,1,2,1,1,5,5,6
193,3,3,1,2,1,1,5,2,6
194,3,3,1,2,1,1,5,3,6
195,3,1,1,2,1,1,5,3,6
196,2,2,2,2,2,2,3,5,4
197,3,3,1,2,1,1,5,2,6
198,3,3,1,2,1,1,5,5,6
199,2,2,1,2,1,1,5,3,6
200,2,3,2,2,2,2,3,2,4
201,2,2,2,2,2,2,3,3,4
202,2,3,2,2,2,2,3,2,4
203,2,2,2,2,2,2,3,5,4
204,3,1,1,2,1,1,5,5,6
205,2,2,2,2,2,2,3,3,4
206,3,3,1,2,1,1,5,3,6
207,3,1,1,2,1,1,5,5,6
208,3,3,1,2,1,1,5,3,6
209,2,2,1,2,1,1,5,5,6
210,2,2,2,2,2,2,3,3,4
211,2,2,1,2,1,1,5,5,6
212,2,2,1,2,1,1,5,4,6
213,3,3,1,2,1,1,5,2,6
214,3,3,1,2,1,1,5,5,6
215,2,2,1,2,1,1,5,5,6
216,2,3,2,2,2,2,3,2,4
217,2,3,2,2,2,2,3,5,4
218,1,3,2,1,2,1,1,1,2
219,3,3,1,2,1,1,5,3,6
220,2,2,1,2,1,1,5,5,6
221,2,2,2,2,2,2,3,5,4
222,1,3,2,1,2,1,1,2,2
223,1,3,2,1,2,1,1,1,2
224,1,3,2,1,2,1,1,1,2
225,2,2,1,2,1,1,5,4,6
226,2,2,2,2,2,2,3,2,4
227,3,3,1,2,1,1,5,3,6
228,2,3,2,2,2,2,3,5,4
229,2,2,2,2,2,2,3,3,4
230,2,3,2,2,2,2,3,5,4
231,2,2,1,2,1,1,5,3,6
232,3,1,1,2,1,1,5,5,6
233,2,2,1,2,1,1,5,5,6
234,1,3,2,1,2,1,1,1,2
235,3,3,1,2,1,1,5,5,6
236,2,2,2,2,2,2,3,2,4
237,2,3,2,2,2,2,3,4,4
238,2,2,1,2,1,1,5,5,6
239,3,3,1,2,1,1,5,3,6
240,3,3,1,2,1,1,5,5,6
241,2,2,1,2,1,1,5,4,6
242,2,3,2,2,2,2,3,5,4
243,2,2,2,2,2,2,3,3,4
244,3,1,1,2,1,1,5,3,6
245,1,3,2,1,2,1,1,2,2
246,3,3,1,2,1,1,5,5,6
247,2,2,1,2,1,1,5,4,6
248,2,2,2,2,2,2,3,2,4
249,2,2,2,2,2,2,3,3,4
250,2,2,2,2,2,2,3,3,4
251,2,3,2,2,2,2,3,5,4
252,2,3,2,2,2,2,3,3,4
253,3,3,1,2,1,1,5,3,6
254,3,1,1,2,1,1,5,4,6
255,3,3,1,2,1,1,5,5,6
256,3,1,1,2,1,1,5,3,6
257,3,3,1,2,1,1,5,3,6
258,3,3,1,2,1,1,5,2,6
259,2,2,1,2,1,1,5,5,6
260,1,1,2,2,2,1,2,2,3
261,3,1,1,2,1,1,5,5,6
262,2,2,2,2,2,2,3,3,4
263,1,3,2,1,2,1,1,2,2
264,3,3,1,2,1,1,5,4,6
265,2,2,1,2,1,1,5,5,6
266,3,3,1,2,1,1,5,5,6
267,3,1,1,2,1,1,5,4,6
268,3,3,1,2,1,1,5,1,6
269,3,1,1,2,1,1,5,5,6
270,1,3,2,1,2,1,1,1,2
271,2,2,2,2,2,2,3,3,4
272,2,2,1,2,1,1,5,5,6
273,2,3,2,2,2,2,3,2,4
274,3,3,1,2,1,1,5,3,6
275,3,1,1,2,1,1,5,5,6
276,3,3,1,2,1,1,5,5,6
277,2,2,2,2,2,2,3,3,4
278,2,2,2,2,2,2,3,2,4
279,2,2,1,2,1,1,5,3,6
280,3,3,1,2,1,1,5,3,6
281,2,2,1,2,1,1,5,4,6
282,3,1,1,1,1,2,2,2,3
283,3,3,1,2,1,1,5,5,6
284,1,1,2,2,2,1,2,1,3
285,2,3,2,2,2,2,3,3,4
286,3,1,1,2,1,1,5,2,6
287,3,1,1,2,1,1,5,2,6
288,2,2,2,2,2,2,3,3,4
289,1,3,2,1,2,1,1,1,2
290,3,3,1,2,1,1,5,3,6
291,3,3,1,2,1,1,5,5,6
292,3,1,1,1,1,2,2,2,3
293,2,3,2,2,2,2,3,2,4
294,1,3,2,1,2,1,1,1,2
295,1,3,2,1,2,1,1,2,2
296,2,2,2,2,2,2,3,5,4
297,2,2,1,2,1,1,5,4,6
298,3,3,1,2,1,1,5,2,6
299,1,3,2,1,2,1,1,1,2
300,3,3,1,2,1,1,5,2,6
301,2,3,2,2,2,2,3,3,4
302,3,3,1,2,1,1,5,5,6
303,3,3,1,2,1,1,5,5,6
304,2,3,2,2,2,2,3,2,4
305,1,2,2,2,2,1,2,2,3
306,3,1,1,2,1,1,5,5,6
307,3,3,1,2,1,1,5,3,6
308,3,3,1,2,1,1,5,5,6
309,2,2,2,2,2,2,3,2,4
310,1,3,2,1,2,1,1,1,2
311,2,2,2,2,2,2,3,3,4
312,2,2,2,2,2,2,3,2,4
313,2,2,2,2,2,2,3,2,4
314,3,1,1,2,1,1,5,5,6
315,2,2,2,2,2,2,3,2,4
316,2,2,1,2,1,1,5,4,6
317,2,3,2,2,2,2,3,5,4
318,2,3,2,2,2,2,3,2,4
319,3,1,1,2,1,1,5,2,6
320,2,2,2,2,2,2,3,5,4
321,2,2,2,2,2,2,3,3,4
322,3,1,1,1,1,2,2,2,3
323,2,2,2,2,2,2,3,3,4
324,2,2,2,2,2,2,3,5,4
325,2,2,1,2,1,1,5,3,6
326,1,3,2,1,2,1,1,2,2
327,2,2,2,2,2,2,3,3,4
328,3,3,1,2,1,1,5,3,6
329,2,2,1,2,1,1,5,4,6
330,3,3,1,2,1,1,5,5,6
331,3,3,1,2,1,1,5,3,6
332,2,3,2,2,2,2,3,2,4
333,2,2,1,2,1,1,5,5,6
334,2,3,2,2,2,2,3,1,4
335,2,3,2,2,2,2,3,2,4
336,3,3,1,2,1,1,5,4,6
337,3,1,1,2,1,1,5,5,6
338,2,3,2,2,2,2,3,5,4
339,2,2,2,2,2,2,3,3,4
340,3,1,1,1,1,2,2,1,3
341,3,1,1,2,1,1,5,5,6
342,2,3,2,2,2,2,3,2,4
343,3,1,1,2,1,1,5,3,6
344,2,2,2,2,2,2,3,2,4
345,2,2,1,2,1,1,5,5,6
346,3,3,1,2,1,1,5,3,6
347,3,1,1,2,1,1,5,5,6
348,1,3,2,1,2,1,1,2,2
349,2,2,2,2,2,2,3,3,4
350,3,3,1,2,1,1,5,2,6
351,1,3,2,1,2,1,1,2,2
352,2,2,2,2,2,2,3,2,4
353,3,3,1,2,1,1,5,2,6
354,2,2,2,2,2,2,3,5,4
355,3,3,1,2,1,1,5,2,6
356,3,1,1,2,1,1,5,5,6
357,3,1,1,2,1,1,5,2,6
358,3,3,1,2,1,1,5,3,6
359,2,2,2,2,2,2,3,5,4
360,2,2,1,2,1,1,5,3,6
361,3,3,1,2,1,1,5,2,6
362,3,3,1,2,1,1,5,5,6
363,2,2,1,2,1,1,5,4,6
364,3,1,1,1,1,2,2,2,3
365,2,2,2,2,2,2,3,2,4
366,2,2,2,2,2,2,3,3,4
367,2,3,2,2,2,2,3,5,4
368,2,2,1,2,1,1,5,3,6
369,3,3,1,2,1,1,5,5,6
370,3,3,1,2,1,1,5,3,6
371,3,1,1,2,1,1,5,1,6
372,1,3,2,1,2,1,1,2,2
373,3,3,1,2,1,1,5,5,6
374,3,1,1,2,1,1,5,2,6
375,3,3,1,2,1,1,5,2,6
376,3,3,1,2,1,1,5,3,6
377,1,3,2,1,2,1,1,2,2
378,2,2,2,2,2,2,3,2,4
379,3,1,1,2,1,1,5,3,6
380,3,1,1,2,1,1,5,3,6
381,2,2,2,2,2,2,3,3,4
382,1,3,2,1,2,1,1,2,2
383,2,2,1,2,1,1,5,2,6
384,2,3,2,2,2,2,3,5,4
385,2,2,1,2,1,1,5,5,6
386,3,1,1,2,1,1,5,5,6
387,2,2,2,2,2,2,3,2,4
388,3,1,1,2,1,1,5,3,6
389,3,3,1,2,1,1,5,5,6
390,3,1,1,2,1,1,5,5,6
391,2,2,2,2,2,2,3,3,4
392,3,1,1,1,1,2,2,2,3
393,2,2,2,2,2,2,3,3,4
394,2,3,2,2,2,2,3,3,4
395,2,2,2,2,2,2,3,5,4
396,3,1,1,2,1,1,5,3,6
397,3,3,1,2,1,1,5,5,6
398,2,2,1,2,1,1,5,3,6
399,3,1,1,2,1,1,5,5,6
400,3,1,1,2,1,1,5,3,6
401,2,3,2,2,2,2,3,3,4
402,2,2,1,2,1,1,5,3,6
403,2,2,2,2,2,2,3,5,4
404,3,3,1,2,1,1,5,3,6
405,2,2,2,2,2,2,3,2,4
406,3,1,1,1,1,2,2,1,3
407,3,1,1,2,1,1,5,3,6
408,2,2,1,2,1,1,5,4,6
409,1,3,2,1,2,1,1,2,2
410,2,3,2,2,2,2,3,2,4
411,2,2,1,2,1,1,5,5,6
412,2,3,2,2,2,2,3,5,4
413,3,1,1,2,1,1,5,3,6
414,2,2,2,2,2,2,3,5,4
415,2,3,2,2,2,2,3,3,4
416,2,3,2,2,2,2,3,2,4
417,2,3,2,2,2,2,3,2,4
418,1,1,2,2,2,1,2,2,3
419,1,1,2,2,2,1,2,2,3
420,2,2,1,2,1,1,5,3,6
421,1,3,2,1,2,1,1,1,2
422,3,3,1,2,1,1,5,5,6
423,3,3,1,2,1,1,5,1,6
424,3,3,1,2,1,1,5,1,6
425,1,3,2,1,2,1,1,1,2
426,2,2,1,2,1,1,5,5,6
427,2,2,2,2,2,2,3,2,4
428,3,3,1,2,1,1,5,2,6
429,3,3,1,2,1,1,5,3,6
430,1,3,2,1,2,1,1,1,2
431,3,1,1,2,1,1,5,3,6
432,3,1,1,1,1,2,2,2,3
433,2,3,2,2,2,2,3,3,4
434,2,2,1,2,1,1,5,5,6
435,2,2,2,2,2,2,3,5,4
436,2,3,2,2,2,2,3,2,4
437,2,3,2,2,2,2,3,2,4
438,2,3,2,2,2,2,3,5,4
439,3,1,1,1,1,2,2,2,3
440,3,1,1,2,1,1,5,3,6
441,2,2,1,2,1,1,5,3,6
442,3,1,1,2,1,1,5,2,6
443,2,3,2,2,2,2,3,5,4
444,2,2,2,2,2,2,3,1,4
445,3,1,1,2,1,1,5,5,6
446,3,1,1,1,1,2,2,2,3
447,3,3,1,2,1,1,5,2,6
448,3,3,1,2,1,1,5,5,6
449,3,1,1,2,1,1,5,3,6
450,1,1,2,2,2,1,2,1,3
451,3,3,1,2,1,1,5,2,6
452,2,2,2,2,2,2,3,2,4
453,1,3,2,1,2,1,1,2,2
454,2,2,1,2,1,1,5,4,6
455,2,2,2,2,2,2,3,1,4
456,3,1,1,2,1,1,5,5,6
457,3,3,1,2,1,1,5,5,6
458,2,2,1,2,1,1,5,5,6
459,3,3,1,2,1,1,5,5,6
460,1,3,2,1,2,1,1,2,2
461,3,3,1,2,1,1,5,5,6
462,2,3,2,2,2,2,3,3,4
463,2,2,2,2,2,2,3,2,4
464,2,3,2,2,2,2,3,5,4
465,3,1,1,2,1,1,5,3,6
466,2,2,2,2,2,2,3,2,4
467,2,2,1,2,1,1,5,5,6
468,3,1,1,1,1,2,2,2,3
469,2,2,2,2,2,2,3,2,4
470,3,3,1,2,1,1,5,5,6
471,3,1,1,2,1,1,5,1,6
472,1,3,2,1,2,1,1,2,2
473,2,3,2,2,2,2,3,5,4
474,2,2,2,2,2,2,3,3,4
475,2,3,2,2,2,2,3,2,4
476,3,3,1,2,1,1,5,2,6
477,3,3,1,2,1,1,5,3,6
478,3,1,1,2,1,1,5,2,6
479,3,3,1,2,1,1,5,3,6
480,3,3,1,2,1,1,5,5,6
481,3,3,1,2,1,1,5,3,6
482,1,1,2,2,2,1,2,2,3
483,3,1,1,2,1,1,5,2,6
484,2,2,2,2,2,2,3,3,4
485,2,2,1,2,1,1,5,2,6
486,2,3,2,2,2,2,3,5,4
487,3,3,1,2,1,1,5,4,6
488,2,2,2,2,2,2,3,3,4
489,2,2,2,2,2,2,3,3,4
490,2,2,1,2,1,1,5,3,6
491,3,1,1,1,1,2,2,2,3
492,2,2,1,2,1,1,5,4,6
493,2,2,2,2,2,2,3,2,4
494,2,2,2,2,2,2,3,2,4
495,2,2,2,2,2,2,3,5,4
496,3,3,1,2,1,1,5,3,6
497,3,1,1,2,1,1,5,2,6
498,3,3,1,2,1,1,5,1,6
499,3,3,1,2,1,1,5,5,6
500,2,2,1,2,1,1,5,3,6
501,2,3,2,2,2,2,3,5,4
502,2,2,2,2,2,2,3,5,4
503,2,2,2,2,2,2,3,5,4
504,3,1,1,2,1,1,5,2,6
505,3,3,1,2,1,1,5,3,6
506,2,2,2,2,2,2,3,3,4
507,3,3,1,2,1,1,5,3,6
508,2,2,1,2,1,1,5,3,6
509,1,3,2,1,2,1,1,2,2
510,2,2,1,2,1,1,5,5,6
511,3,3,1,2,1,1,5,3,6
512,3,3,1,2,1,1,5,4,6
513,3,3,1,2,1,1,5,5,6
514,3,3,1,2,1,1,5,2,6
515,3,3,1,2,1,1,5,2,6
516,2,2,1,2,1,1,5,3,6
517,2,3,2,2,2,2,3,3,4
518,2,2,1,2,1,1,5,3,6
519,3,3,1,2,1,1,5,5,6
520,2,2,2,2,2,2,3,3,4
521,2,2,2,2,2,2,3,2,4
522,3,1,1,2,1,1,5,3,6
523,2,3,2,2,2,2,3,5,4
524,3,3,1,2,1,1,5,5,6
525,3,3,1,2,1,1,5,3,6
526,2,2,2,2,2,2,3,5,4
527,3,3,1,2,1,1,5,2,6
528,2,2,2,2,2,2,3,2,4
529,2,2,2,2,2,2,3,2,4
530,2,3,2,2,2,2,3,5,4
531,3,3,1,2,1,1,5,5,6
532,3,1,1,2,1,1,5,5,6
533,2,2,2,2,2,2,3,5,4
534,3,1,1,2,1,1,5,5,6
535,3,3,1,2,1,1,5,4,6
536,2,3,2,2,2,2,3,2,4
537,3,1,1,2,1,1,5,4,6
538,2,2,1,2,1,1,5,4,6
539,2,2,2,2,2,2,3,2,4
540,1,3,2,1,2,1,1,1,2
541,2,3,2,2,2,2,3,5,4
542,3,3,1,2,1,1,5,5,6
543,2,2,2,2,2,2,3,3,4
544,2,2,2,2,2,2,3,5,4
545,2,2,2,2,2,2,3,2,4
546,3,1,1,2,1,1,5,5,6
547,3,3,1,2,1,1,5,3,6
548,2,3,2,2,2,2,3,5,4
549,1,3,2,1,2,1,1,1,2
550,2,2,2,2,2,2,3,2,4
551,1,3,2,1,2,1,1,2,2
552,3,1,1,2,1,1,5,3,6
553,3,3,1,2,1,1,5,5,6
554,3,1,1,2,1,1,5,3,6
555,2,2,2,2,2,2,3,3,4
556,3,1,1,2,1,1,5,1,6
557,3,3,1,2,1,1,5,2,6
558,2,2,2,2,2,2,3,3,4
559,2,2,2,2,2,2,3,2,4
560,2,2,1,2,1,1,5,5,6
561,2,2,1,2,1,1,5,5,6
562,2,2,2,2,2,2,3,2,4
563,3,3,1,2,1,1,5,4,6
564,2,2,1,2,1,1,5,4,6
565,2,2,2,2,2,2,3,2,4
566,3,3,1,2,1,1,5,2,6
567,3,3,1,2,1,1,5,5,6
568,1,3,2,1,2,1,1,2,2
569,2,2,2,2,2,2,3,5,4
570,3,3,1,2,1,1,5,3,6
571,2,2,2,2,2,2,3,3,4
572,3,3,1,2,1,1,5,5,6
573,1,3,2,1,2,1,1,1,2
574,2,3,2,2,2,2,3,1,4
575,2,3,2,2,2,2,3,5,4
576,2,3,2,2,2,2,3,3,4
577,2,2,2,2,2,2,3,3,4
578,3,1,1,1,1,2,2,2,3
579,3,3,1,2,1,1,5,3,6
580,3,3,1,2,1,1,5,3,6
581,2,2,2,2,2,2,3,2,4
582,3,1,1,2,1,1,5,3,6
583,2,3,2,2,2,2,3,2,4
584,3,3,1,2,1,1,5,2,6
585,1,1,2,2,2,1,2,1,3
586,3,3,1,2,1,1,5,2,6
587,2,2,2,2,2,2,3,2,4
588,1,3,2,1,2,1,1,2,2
589,3,3,1,2,1,1,5,5,6
590,2,2,1,2,1,1,5,4,6
591,2,2,1,2,1,1,5,3,6
592,1,3,2,1,2,1,1,1,2
593,3,3,1,2,1,1,5,5,6
594,2,2,2,2,2,2,3,2,4
595,3,3,1,2,1,1,5,3,6
596,3,3,1,2,1,1,5,3,6
597,3,3,1,2,1,1,5,3,6
598,3,3,1,2,1,1,5,1,6
599,3,1,1,1,1,2,2,2,3
600,2,2,2,2,2,2,3,3,4
601,2,2,2,2,2,2,3,2,4
602,2,2,2,2,2,2,3,2,4
603,2,3,2,2,2,2,3,3,4
604,2,2,2,2,2,2,3,2,4
605,1,3,2,1,2,1,1,2,2
606,3,3,1,2,1,1,5,5,6
607,3,3,1,2,1,1,5,3,6
608,3,3,1,2,1,1,5,2,6
609,2,3,2,2,2,2,3,3,4
610,3,3,1,2,1,1,5,3,6
611,1,1,2,2,2,1,2,2,3
612,2,2,2,2,2,2,3,5,4
613,2,3,2,2,2,2,3,4,4
614,2,2,1,2,1,1,5,5,6
615,2,2,2,2,2,2,3,2,4
616,3,3,1,2,1,1,5,3,6
617,3,3,1,2,1,1,5,4,6
618,2,2,2,2,2,2,3,2,4
619,2,2,1,2,1,1,5,4,6
620,2,2,1,2,1,1,5,5,6
621,3,3,1,2,1,1,5,5,6
622,2,2,2,2,2,2,3,2,4
623,2,2,1,2,1,1,5,3,6
624,3,3,1,2,1,1,5,5,6
625,2,2,1,2,1,1,5,3,6
626,2,3,2,2,2,2,3,2,4
627,1,3,2,1,2,1,1,1,2
628,2,2,2,2,2,2,3,5,4
629,1,3,2,1,2,1,1,2,2
630,3,1,1,2,1,1,5,3,6
631,2,2,1,2,1,1,5,3,6
632,3,3,1,2,1,1,5,5,6
633,3,3,1,2,1,1,5,3,6
634,3,1,1,2,1,1,5,3,6
635,2,3,2,2,2,2,3,3,4
636,2,3,2,2,2,2,3,3,4
637,3,3,1,2,1,1,5,2,6
638,2,2,1,2,1,1,5,3,6
639,1,3,2,1,2,1,1,1,2
640,2,2,2,2,2,2,3,1,4
641,3,3,1,2,1,1,5,3,6
642,2,2,2,2,2,2,3,2,4
643,2,2,2,2,2,2,3,5,4
644,2,2,2,2,2,2,3,2,4
645,3,3,1,2,1,1,5,5,6
646,3,3,1,2,1,1,5,3,6
647,2,2,1,2,1,1,5,3,6
648,2,2,1,2,1,1,5,4,6
649,3,3,1,2,1,1,5,3,6
650,3,3,1,2,1,1,5,3,6
651,2,2,1,2,1,1,5,3,6
652,3,1,1,2,1,1,5,3,6
653,2,2,1,2,1,1,5,5,6
654,3,3,1,2,1,1,5,5,6
655,2,2,2,2,2,2,3,3,4
656,3,3,1,2,1,1,5,3,6
657,2,2,2,2,2,2,3,2,4
658,2,2,2,2,2,2,3,3,4
659,3,3,1,2,1,1,5,5,6
660,1,1,2,2,2,1,2,2,3
661,2,2,2,2,2,2,3,3,4
662,2,3,2,2,2,2,3,5,4
663,3,3,1,2,1,1,5,4,6
664,3,3,1,2,1,1,5,2,6
665,1,3,2,1,2,1,1,1,2
666,2,2,2,2,2,2,3,3,4
667,2,3,2,2,2,2,3,3,4
668,2,2,2,2,2,2,3,5,4
669,3,3,1,2,1,1,5,5,6
670,3,1,1,2,1,1,5,2,6
671,2,2,2,2,2,2,3,3,4
672,1,3,2,1,2,1,1,1,2
673,3,3,1,2,1,1,5,2,6
674,3,3,1,2,1,1,5,3,6
675,3,3,1,2,1,1,5,2,6
676,3,3,1,2,1,1,5,5,6
677,2,2,1,2,1,1,5,5,6
678,2,2,2,2,2,2,3,1,4
679,2,3,2,2,2,2,3,5,4
680,2,2,1,2,1,1,5,3,6
681,1,3,2,1,2,1,1,1,2
682,2,2,2,2,2,2,3,2,4
683,2,2,2,2,2,2,3,5,4
684,3,3,1,2,1,1,5,5,6
685,2,2,2,2,2,2,3,3,4
686,3,1,1,1,1,2,2,5,3
687,1,3,2,1,2,1,1,2,2
688,2,2,1,2,1,1,5,3,6
689,2,3,2,2,2,2,3,2,4
690,2,2,1,2,1,1,5,4,6
691,2,2,2,2,2,2,3,2,4
692,1,2,2,2,2,1,2,2,3
693,3,1,1,2,1,1,5,3,6
694,2,2,1,2,1,1,5,4,6
695,2,3,2,2,2,2,3,5,4
696,3,1,1,2,1,1,5,5,6
697,3,1,1,1,1,2,2,2,3
698,3,3,1,2,1,1,5,5,6
699,2,2,1,2,1,1,5,3,6
700,3,1,1,2,1,1,5,5,6
701,1,1,2,2,2,1,2,2,3
702,3,3,1,2,1,1,5,1,6
703,2,2,1,2,1,1,5,5,6
704,2,2,2,2,2,2,3,5,4
705,2,2,2,2,2,2,3,3,4
706,3,1,1,2,1,1,5,4,6
707,2,3,2,2,2,2,3,3,4
708,2,2,1,2,1,1,5,5,6
709,2,2,1,2,1,1,5,5,6
710,2,3,2,2,2,2,3,2,4
711,2,2,1,2,1,1,5,3,6
712,2,2,2,2,2,2,3,3,4
713,2,2,2,2,2,2,3,3,4
714,2,2,2,2,2,2,3,5,4
715,2,2,1,2,1,1,5,5,6
716,1,1,2,2,2,1,2,2,3
717,3,1,1,2,1,1,5,2,6
718,3,3,1,2,1,1,5,5,6
719,2,3,2,2,2,2,3,2,4
720,2,2,1,2,1,1,5,4,6
721,2,2,1,2,1,1,5,2,6
722,1,3,2,1,2,1,1,2,2
723,3,3,1,2,1,1,5,5,6
724,2,3,2,2,2,2,3,2,4
725,1,3,2,1,2,1,1,2,2
726,2,2,1,2,1,1,5,5,6
727,2,2,1,2,1,1,5,2,6
728,2,3,2,2,2,2,3,3,4
729,3,3,1,2,1,1,5,4,6
730,3,1,1,2,1,1,5,5,6
731,2,3,2,2,2,2,3,2,4
732,2,3,2,2,2,2,3,5,4
733,3,3,1,2,1,1,5,4,6
734,2,2,1,2,1,1,5,3,6
735,2,2,1,2,1,1,5,5,6
736,2,2,1,2,1,1,5,5,6
737,2,2,2,2,2,2,3,3,4
738,2,3,2,2,2,2,3,5,4
739,2,3,2,2,2,2,3,3,4
740,2,2,1,2,1,1,5,3,6
741,2,2,1,2,1,1,5,5,6
742,3,1,1,2,1,1,5,3,6
743,2,2,1,2,1,1,5,2,6
744,3,1,1,2,1,1,5,5,6
745,2,2,1,2,1,1,5,3,6
746,2,2,2,2,2,2,3,5,4
747,2,3,2,2,2,2,3,3,4
748,3,3,1,2,1,1,5,2,6
749,2,3,2,2,2,2,3,1,4
750,3,3,1,2,1,1,5,4,6
751,2,3,2,2,2,2,3,5,4
752,2,2,1,2,1,1,5,4,6
753,2,2,2,2,2,2,3,1,4
754,1,3,2,1,2,1,1,2,2
755,2,2,1,2,1,1,5,2,6
756,3,3,1,2,1,1,5,3,6
757,3,1,1,1,1,2,2,2,3
758,2,3,2,2,2,2,3,5,4
759,3,3,1,2,1,1,5,5,6
760,2,2,1,2,1,1,5,2,6
761,3,3,1,2,1,1,5,2,6
762,2,2,2,2,2,2,3,2,4
763,2,2,2,2,2,2,3,3,4
764,3,3,1,2,1,1,5,3,6
765,2,3,2,2,2,2,3,1,4
766,2,2,2,2,2,2,3,5,4
767,2,2,2,2,2,2,3,3,4
768,1,3,2,1,2,1,1,1,2
769,1,1,2,2,2,1,2,2,3
770,2,2,2,2,2,2,3,3,4
771,2,2,2,2,2,2,3,2,4
772,2,3,2,2,2,2,3,2,4
773,1,2,1,1,1,2,2,1,3
774,1,1,2,2,2,1,2,1,3
775,2,2,1,2,1,1,5,5,6
776,2,2,1,2,1,1,5,5,6
777,1,3,2,1,2,1,1,2,2
778,2,2,2,2,2,2,3,3,4
779,1,3,2,1,2,1,1,2,2
780,3,1,1,2,1,1,5,3,6
781,3,1,1,2,1,1,5,3,6
782,3,3,1,2,1,1,5,5,6
783,3,1,1,2,1,1,5,5,6
784,2,3,2,2,2,2,3,5,4
785,3,1,1,1,1,2,2,2,3
786,2,2,2,2,2,2,3,2,4
787,2,2,1,2,1,1,5,5,6
788,2,2,1,2,1,1,5,3,6
789,2,2,2,2,2,2,3,3,4
790,3,1,1,2,1,1,5,3,6
791,1,1,2,2,2,1,2,1,3
792,2,2,1,2,1,1,5,2,6
793,3,3,1,2,1,1,5,5,6
794,3,3,1,2,1,1,5,2,6
795,2,3,2,2,2,2,3,5,4
796,2,2,2,2,2,2,3,3,4
797,1,3,2,1,2,1,1,1,2
798,2,2,2,2,2,2,3,3,4
799,2,3,2,2,2,2,3,2,4
800,2,2,2,2,2,2,3,5,4
801,3,1,1,1,1,2,2,2,3
802,2,3,2,2,2,2,3,3,4
803,3,3,1,2,1,1,5,4,6
804,2,2,1,2,1,1,5,5,6
805,1,1,2,2,2,1,2,2,3
806,1,3,2,1,2,1,1,1,2
807,2,2,1,2,1,1,5,5,6
808,2,2,1,2,1,1,5,5,6
809,2,2,2,2,2,2,3,1,4
810,3,1,1,1,1,2,2,2,3
811,2,2,2,2,2,2,3,2,4
812,2,3,2,2,2,2,3,1,4
813,3,3,1,2,1,1,5,5,6
814,2,2,1,2,1,1,5,4,6
815,2,2,1,2,1,1,5,3,6
816,3,3,1,2,1,1,5,1,6
817,2,2,1,2,1,1,5,5,6
818,3,3,1,2,1,1,5,5,6
819,3,3,1,2,1,1,5,2,6
820,2,2,2,2,2,2,3,3,4
821,2,3,2,2,2,2,3,5,4
822,3,1,1,2,1,1,5,3,6
823,2,3,2,2,2,2,3,3,4
824,3,1,1,2,1,1,5,5,6
825,3,3,1,2,1,1,5,3,6
826,3,1,1,2,1,1,5,2,6
827,2,2,1,2,1,1,5,5,6
828,2,2,1,2,1,1,5,5,6
829,3,1,1,2,1,1,5,5,6
830,3,1,1,1,1,2,2,2,3
831,3,3,1,2,1,1,5,3,6
832,2,3,2,2,2,2,3,2,4
833,2,2,2,2,2,2,3,2,4
834,1,3,2,1,2,1,1,2,2
835,3,1,1,2,1,1,5,4,6
836,2,2,1,2,1,1,5,5,6
837,3,3,1,2,1,1,5,3,6
838,3,1,1,2,1,1,5,2,6
839,3,3,1,2,1,1,5,5,6
840,3,3,1,2,1,1,5,2,6
841,3,1,1,2,1,1,5,5,6
842,2,2,2,2,2,2,3,1,4
843,2,3,2,2,2,2,3,3,4
844,1,3,2,1,2,1,1,1,2
845,3,3,1,2,1,1,5,5,6
846,2,2,2,2,2,2,3,5,4
847,3,1,1,2,1,1,5,4,6
848,2,2,1,2,1,1,5,4,6
849,2,2,2,2,2,2,3,2,4
850,3,1,1,2,1,1,5,3,6
851,3,1,1,1,1,2,2,2,3
852,2,2,2,2,2,2,3,3,4
853,2,2,1,2,1,1,5,3,6
854,3,3,1,2,1,1,5,2,6
855,3,1,1,2,1,1,5,2,6
856,2,2,1,2,1,1,5,4,6
857,2,2,2,2,2,2,3,3,4
858,2,2,2,2,2,2,3,3,4
859,1,3,2,1,2,1,1,2,2
860,1,1,2,2,2,1,2,3,3
861,1,3,2,1,2,1,1,2,2
862,1,3,2,1,2,1,1,2,2
863,2,2,1,2,1,1,5,5,6
864,2,2,2,2,2,2,3,5,4
865,3,3,1,2,1,1,5,5,6
866,2,2,1,2,1,1,5,3,6
867,3,3,1,2,1,1,5,3,6
868,3,1,1,2,1,1,5,3,6
869,1,1,2,2,2,1,2,2,3
870,2,3,2,2,2,2,3,5,4
871,2,2,1,2,1,1,5,4,6
872,2,2,1,2,1,1,5,4,6
873,2,3,2,2,2,2,3,3,4
874,3,3,1,2,1,1,5,4,6
875,2,2,2,2,2,2,3,2,4
876,1,1,2,2,2,1,2,2,3
877,3,3,1,2,1,1,5,5,6
878,3,1,1,1,1,2,2,2,3
879,3,1,1,1,1,2,2,5,3
880,2,3,2,2,2,2,3,3,4
881,1,1,2,2,2,1,2,2,3
882,2,2,2,2,2,2,3,5,4
883,1,3,2,1,2,1,1,1,2
884,2,2,1,2,1,1,5,3,6
885,2,3,2,2,2,2,3,3,4
886,3,3,1,2,1,1,5,2,6
887,2,2,1,2,1,1,5,4,6
888,3,1,1,2,1,1,5,3,6
889,1,3,2,1,2,1,1,1,2
890,1,3,2,1,2,1,1,1,2
891,2,2,1,2,1,1,5,3,6
892,3,3,1,2,1,1,5,2,6
893,3,3,1,2,1,1,5,2,6
894,3,1,1,1,1,2,2,5,3
895,2,2,2,2,2,2,3,3,4
896,1,3,2,1,2,1,1,2,2
897,2,2,2,2,2,2,3,3,4
898,2,3,2,2,2,2,3,3,4
899,3,3,1,2,1,1,5,5,6
900,2,3,2,2,2,2,3,2,4
901,3,3,1,2,1,1,5,2,6
902,2,2,1,2,1,1,5,5,6
903,3,3,1,2,1,1,5,1,6
904,3,1,1,1,1,2,2,2,3
905,2,2,1,2,1,1,5,5,6
906,1,3,2,1,2,1,1,1,2
907,2,2,1,2,1,1,5,4,6
908,3,1,1,2,1,1,5,5,6
909,2,2,1,2,1,1,5,3,6
910,2,2,1,2,1,1,5,4,6
911,2,2,1,2,1,1,5,4,6
912,3,3,1,2,1,1,5,2,6
913,2,2,2,2,2,2,3,2,4
914,3,3,1,2,1,1,5,2,6
915,2,3,2,2,2,2,3,3,4
916,2,2,2,2,2,2,3,5,4
917,3,3,1,2,1,1,5,5,6
918,2,3,2,2,2,2,3,5,4
919,1,3,2,1,2,1,1,1,2
920,2,2,2,2,2,2,3,3,4
921,1,1,2,2,2,1,2,1,3
922,3,3,1,2,1,1,5,1,6
923,3,3,1,2,1,1,5,2,6
924,1,3,2,1,2,1,1,1,2
925,2,2,2,2,2,2,3,5,4
926,2,2,1,2,1,1,5,3,6
927,3,1,1,1,1,2,2,2,3
928,3,3,1,2,1,1,5,2,6
